town,pop,medhouseholdincome,households,povNumerator,povDenominator,squaremiles,poppersqmi
Andover,3152,134632,1201,55,3135,15.45,204.01294498381878
Ansonia,19033,85877,7212,1791,19029,6.02,3161.6279069767443
Ashford,4226,121926,1876,226,4216,38.76,109.02992776057792
Avon,18946,154058,7575,904,18763,23.16,818.0483592400691
Barkhamsted,3678,123544,1460,132,3678,36.25,101.46206896551725
Beacon Falls,6147,101516,2649,131,6147,9.67,635.6773526370217
Berlin,20361,113598,8388,683,20331,26.31,773.8882554161916
Bethany,5288,166236,1735,124,5284,21.11,250.4973945997158
Bethel,20796,116541,7782,1053,20614,16.96,1226.1792452830189
Bethlehem,3423,108929,1448,355,3402,19.38,176.62538699690404
Bloomfield,21754,98725,9414,1247,21386,26.09,833.806056
Bolton,4853,126364,1974,347,4853,14.41,336.78001387925053
Bozrah,2293,108516,925,268,2293,19.96,114.87975951903807
Branford,28217,105225,13178,1641,27925,21.84,1291.9871794871794
Bridgeport,149153,58685,56558,30596,145653,16.06,9287.235367372354
Bridgewater,1658,159365,709,49,1658,16.4,101.09756097560977
Bristol,61462,79076,24453,6520,60702,26.41,2327.224536160545
Brookfield,17706,148360,6587,724,17566,19.74,896.9604863221886
Brooklyn,8517,96207,3042,188,8139,29.13,292.37899073120496
Burlington,9680,165120,3305,205,9678,29.7,325.9259259259259
Canaan,1175,89632,499,188,1175,32.91,35.70343360680645
Canterbury,5124,103198,2132,251,5124,39.94,128.2924387
Canton,10144,117991,4367,574,10031,24.59,412.52541683611224
Chaplin,2070,97846,883,112,2070,19.39,106.75605982465189
Cheshire,29040,146528,10353,1375,27290,32.83,884.5568078
Chester,3825,109191,1628,443,3739,16.05,238.3177570093458
Clinton,13377,124824,5509,758,13345,16.21,825.2313386798272
Colchester,15648,122390,6388,598,15499,48.94,319.73845525132816
Colebrook,1494,111250,598,122,1466,31.55,47.353407290015845
Columbia,5300,127000,2112,323,5278,21.37,248.0112306972391
Connecticut,3624508,95781,1434007,353604,3530170,4842.37,748.4987722953844
Cornwall,1425,128864,652,117,1425,46.06,30.937907077724706
Coventry,12326,108213,4926,621,12278,37.57,328.0809156241682
Cromwell,14334,110596,5763,831,13999,12.45,1151.3253012048194
Danbury,87263,83393,33071,9931,84723,42.03,2076.207470854152
Darien,21936,250001,7234,1263,21917,12.65,1734.0711462450593
Deep River,4458,90253,2010,366,4441,13.51,329.9777942264989
Derby,12487,79500,5896,1337,12426,5.06,2467.7865612648225
Durham,7208,158857,2986,243,7169,23.66,304.6491969568893
East Granby,5238,120938,1967,169,5238,17.56,298.2915717539864
East Haddam,8969,107861,3663,394,8859,54.25,165.32718894009216
East Hampton,12925,124577,5248,513,12813,35.65,362.55259467040673
East Hartford,50918,70778,20351,6638,50442,18.01,2827.207107162687
East Haven,27806,94628,11394,1981,27509,12.3,2260.650406504065
East Lyme,18721,105044,8004,981,17846,34.02,550.2939447383891
East Windsor,11213,96250,5076,798,11021,26.25,427.16190476190474
Eastford,1679,97422,651,103,1673,28.92,58.05670816
Easton,7670,222604,2539,528,7661,27.42,279.7228300510576
Ellington,16455,129913,6321,394,16384,34.06,483.11802701115676
Enfield,41090,90404,16616,3252,39222,33.32,1233.1932773109243
Essex,6794,104395,2987,219,6742,10.4,653.2692307692307
Fairfield,63416,172432,21561,2729,58370,29.9,2120.936454849498
Farmington,27134,141120,11151,1126,26917,27.9,972.5448028673835
Franklin,2004,105000,716,171,1976,19.71,101.67427701674276
Glastonbury,35293,157192,14276,1331,35061,51.26,688.5095591104175
Goshen,3196,152093,1320,144,3196,43.63,73.25234930093971
Granby,11184,120275,4457,354,11063,40.71,274.7236551215917
Greenwich,63856,206130,23094,3836,63351,47.72,1338.1391450125734
Griswold,11530,78719,4890,881,11529,34.71,332.18092768654566
Groton,38130,88284,16374,3886,36499,31.11,1225.6509161041465
Guilford,22108,137816,8870,624,21976,47.08,469.5836873406967
Haddam,8644,114426,3389,409,8541,43.94,196.72280382339554
Hamden,61045,98306,23661,5126,55147,32.63,1870.824394728777
Hampton,1647,109167,698,94,1647,25.09,65.64368274212833
Hartford,121127,46411,49028,29944,113951,17.38,6969.332566168009
Hartland,1840,113375,793,86,1840,32.99,55.77447711427705
Harwinton,5575,129643,2146,266,5572,30.8,181.0064935064935
Hebron,9157,142500,3394,370,9076,36.9,248.15718157181573
Kent,3056,96064,1344,270,2986,48.58,62.90654590366406
Killingly,17867,84350,7300,2023,17681,48.35,369.53464322647363
Killingworth,6240,140655,2516,186,6240,35.33,176.62043589017833
Lebanon,7116,109135,2834,293,7106,54.1,131.53419593345654
Ledyard,15433,107975,5551,882,15418,38.21,403.8995027479717
Lisbon,4211,92708,1663,276,4210,16.29,258.50214855739716
Litchfield,8260,102609,3566,404,8179,56.1,147.23707664884134
Lyme,2303,135000,998,67,2303,31.8,72.42138364779873
Madison,17616,167442,7006,632,17458,36.15,487.3029045643154
Manchester,59635,86840,25417,6356,59014,27.4,2176.4598540145985
Mansfield,25358,72393,6310,3104,14398,44.64,568.0555555555555
Marlborough,6130,142105,2184,582,6026,23.35,262.5267665952891
Meriden,60545,71253,24631,7893,59798,23.73,2551.411715128529
Middlebury,7807,133487,2969,452,7757,17.76,439.5833333333333
Middlefield,4243,99837,1839,343,4243,12.65,335.4150197628458
Middletown,47958,79438,20390,5169,42980,41.02,1169.1370063383715
Milford,52684,110669,22527,2643,52293,22.18,2375.293056807935
Monroe,18949,157250,6209,497,18846,26.07,726.8507863444572
Montville,17950,96454,6406,1313,16874,41.96,427.78836987607247
Morris,2164,109191,957,147,2164,17.36,124.65437788018434
Naugatuck,31800,96324,12736,1993,31490,16.3,1950.920245398773
New Britain,74223,58613,28974,12872,71210,13.4,5539.0298507462685
New Canaan,20870,250001,7153,763,20802,22.19,940.5137449301486
New Fairfield,13584,137647,4562,483,13506,20.42,665.2301665
New Hartford,6675,109695,2688,186,6675,37.04,180.21058315334773
New Haven,134349,56851,54773,30123,125887,18.69,7188.282504012841
New London,27625,59098,11794,5191,24074,5.62,4915.480427046264
New Milford,28334,106411,10667,2008,28166,61.56,460.2664067576348
Newington,30896,102884,13073,1948,30521,13.14,2351.2937595129374
Newtown,27593,155110,9575,1221,27007,57.53,479.6280202
Norfolk,1723,91548,714,129,1719,45.34,38.00176444640494
North Branford,13503,108032,5190,517,13455,24.76,545.3554119547657
North Canaan,3221,71976,1316,418,3113,19.37,166.28807434176562
North Haven,24336,132689,9586,1008,24290,20.84,1167.7543186180421
North Stonington,5160,123938,2114,79,5156,54.25,95.11520737327189
Norwalk,92187,107616,36011,8341,91571,22.89,4027.3918741808648
Norwich,39973,65024,17092,6649,39774,28.06,1424.5545260156807
Old Lyme,7679,131899,3185,221,7604,23.01,333.7244676227727
Old Saybrook,10575,114333,4672,526,10443,15.06,702.1912351
Orange,14315,142325,5386,563,14258,17.18,833.2363213038417
Oxford,12991,128953,5046,525,12991,32.75,396.67175572519085
Plainfield,15141,76993,6060,1310,15019,42.41,357.0148549870314
Plainville,17551,84343,8087,1130,17413,9.71,1807.5180226570544
Plymouth,11746,94514,4774,989,11639,21.87,537.0827617741198
Pomfret,4317,108476,1634,255,4266,40.33,107.04190428961071
Portland,9434,118929,3762,362,9338,23.35,404.0256959314775
Preston,4821,116648,1947,115,4805,30.83,156.37366201751541
Prospect,9458,126394,3529,300,9418,14.25,663.7192982
Putnam,9292,70561,4166,1052,9148,20.3,457.73399014778323
Redding,8780,186060,3399,346,8643,31.48,278.9072426937738
Ridgefield,25109,179219,9194,883,25024,34.5,727.7971014492754
Rocky Hill,20880,99941,9108,989,20541,13.46,1551.263001485884
Roxbury,2185,123864,1022,80,2185,26.29,83.11144922023584
Salem,4282,123245,1764,265,4271,28.93,148.0124438299343
Salisbury,4224,124256,1557,174,4139,57.24,73.79454926624737
Scotland,1599,99881,558,76,1599,18.63,85.82930756843801
Seymour,16889,107708,6378,1126,16739,14.52,1163.1542699724519
Sharon,2723,100518,1473,290,2677,58.77,46.33316317849243
Shelton,41889,108185,16096,2728,41515,30.63,1367.5808031341821
Sherman,3554,116000,1582,79,3554,21.91,162.20903696942037
Simsbury,25066,157907,9358,1183,24793,33.93,738.7562628941939
Somers,10308,124705,3423,245,9235,28.46,362.19255094869993
South Windsor,26907,144961,9835,1327,26818,28.06,958.9094796863864
Southbury,20071,112887,8424,671,19763,39.01,514.5091002307101
Southington,43803,124309,17281,2142,43428,35.88,1220.819397993311
Sprague,2962,92850,1201,231,2865,13.24,223.71601208459214
Stafford,11511,93235,4606,840,11318,58.04,198.3287388
Stamford,137144,111586,55291,13771,135843,37.62,3645.507708665604
Sterling,3629,102695,1225,299,3622,27.22,133.32108743570905
Stonington,18478,114797,8702,1271,18193,38.64,478.20910973084887
Stratford,52790,95815,20613,3500,52463,17.48,3020.0228832951943
Suffield,15702,119472,5297,634,13883,42.29,371.29344998817686
Thomaston,7492,103218,3097,175,7470,11.99,624.8540450375313
Thompson,9337,93629,4130,552,9309,46.91,199.04071626518868
Tolland,14606,133264,5320,771,14488,39.63,368.55917234418365
Torrington,35547,70856,15396,4810,35005,39.76,894.0392354124749
Trumbull,37281,163073,12153,1970,37012,23.24,1604.173838209983
Union,944,88958,425,54,944,28.85,32.72097054
Vernon,30577,85356,13611,4061,30319,17.7,1727.5141242937855
Voluntown,2604,101964,1117,191,2604,38.97,66.82063125481139
Wallingford,44362,104773,18538,2348,43841,39.16,1132.8396322778347
Warren,1415,134583,597,95,1415,26.31,53.78183200304067
Washington,3676,101549,1399,324,3604,38.07,96.55897031783556
Waterbury,114869,51886,45663,27945,113291,28.52,4027.664796633941
Waterford,19673,104820,8106,893,19303,32.7,601.6207951070336
Watertown,22253,101691,8772,960,22131,29.01,767.0803171320234
West Hartford,63620,129890,25885,3953,62469,21.84,2913.003663003663
West Haven,55351,74382,20938,7305,51730,10.75,5148.930232558139
Westbrook,6856,91202,3523,478,6821,15.77,434.7495244134433
Weston,10396,250001,3568,190,10396,19.77,525.8472432979262
Westport,27528,250001,9778,867,27318,19.96,1379.1583166332664
Wethersfield,27250,126806,11212,1886,27207,12.3,2215.4471544715448
Willington,5575,91114,2627,726,5575,33.29,167.46770802042656
Wilton,18777,242199,6122,440,18546,26.79,700.8958567
Winchester,10284,66519,5043,1300,10132,32.52,316.2361623616236
Windham,23961,55736,9297,4422,21383,26.85,892.4022346368714
Windsor,29468,104725,11643,1967,29185,29.51,998.5767536428328
Windsor Locks,12579,81205,5268,1370,12528,9.02,1394.567627494457
Wolcott,16279,110850,6248,292,16192,20.43,796.8184043073911
Woodbridge,9073,188750,3260,190,8988,18.81,482.3498139287613
Woodbury,9833,131480,4373,706,9833,36.36,270.43454345434543
Woodstock,8319,112011,3515,365,8319,60.68,137.09624258404747