town,2001,2002,2003,2004,2005,2006,2007,2008,2009,2010,2011,2012,2013,2014,2015,2016,2017,2018,2019,2020,2021,2022,2023,2024,2025,Active
Andover,20,13,12,19,18,21,18,10,13,11,7,10,13,19,24,16,17,16,8,16,33,17,19,29,21,234
Ansonia,48,65,70,87,94,102,78,91,67,71,61,65,66,81,72,74,84,103,108,133,195,195,231,203,212,1222
Ashford,8,19,13,17,19,21,18,11,19,19,13,14,13,19,9,26,15,24,13,30,21,35,36,38,35,273
Avon,154,152,143,168,170,159,181,189,148,125,131,161,125,150,161,182,186,187,187,218,229,255,274,288,275,2400
Barkhamsted,21,17,21,15,19,19,20,14,20,11,12,6,13,15,13,13,17,12,15,18,27,32,27,24,31,233
Beacon Falls,27,29,29,35,35,37,28,25,27,17,35,30,35,25,26,22,28,36,36,39,35,42,51,52,73,458
Berlin,121,143,148,146,190,178,152,147,120,120,123,121,127,131,122,146,152,170,195,163,212,208,233,256,262,2302
Bethany,38,58,51,43,63,53,47,42,51,53,39,38,45,34,49,42,42,36,55,63,55,70,77,66,84,725
Bethel,110,144,127,131,116,165,187,125,124,114,115,150,147,129,127,170,149,157,196,197,261,278,290,305,290,2303
Bethlehem,23,40,31,37,31,26,32,29,26,22,12,24,32,32,28,23,24,28,34,28,39,37,54,58,52,455
Bloomfield,109,168,135,183,162,187,170,145,167,110,141,135,142,151,133,177,175,189,249,327,368,364,344,319,324,2500
Bolton,42,31,24,34,42,33,28,27,26,24,23,17,21,22,27,25,35,27,38,27,28,33,48,47,61,423
Bozrah,9,15,11,13,13,22,18,9,9,7,6,13,13,10,18,14,13,9,13,22,25,22,33,15,25,217
Branford,226,274,227,265,295,263,229,246,235,218,236,252,221,226,236,238,237,283,281,320,375,429,438,475,476,3941
Bridgeport,429,531,530,626,712,828,800,768,748,683,851,929,873,925,970,1142,1127,1154,1440,1700,2397,2404,2435,2191,2403,12707
Bridgewater,18,24,27,20,16,12,11,12,8,16,12,12,13,17,15,18,19,15,17,11,30,19,29,20,25,224
Bristol,240,267,240,288,318,262,305,244,223,227,233,238,239,240,247,285,319,337,335,339,499,567,603,583,683,4047
Brookfield,133,170,178,154,178,173,194,117,134,116,122,128,163,142,114,124,155,171,179,202,231,260,248,234,282,2125
Brooklyn,24,24,31,28,47,33,31,24,24,30,15,26,36,25,23,38,42,43,51,36,38,64,54,52,68,420
Burlington,41,55,73,69,51,58,45,49,47,46,46,58,53,48,49,50,53,66,66,64,86,77,83,92,101,781
Canaan,4,16,7,9,5,12,13,6,6,6,5,4,8,7,7,4,8,8,8,6,24,18,10,16,23,141
Canterbury,18,16,19,23,21,16,34,19,20,14,20,17,10,14,16,15,18,26,36,43,33,25,52,47,44,319
Canton,58,94,88,83,89,102,81,79,69,68,61,61,68,76,65,79,77,87,84,86,111,112,99,121,123,1081
Chaplin,5,12,7,6,8,13,5,13,8,4,10,9,9,9,5,11,15,12,9,21,13,18,17,22,22,142
Cheshire,174,204,194,196,192,217,184,220,167,142,152,179,180,172,177,194,229,210,233,259,282,291,345,326,317,3040
Chester,36,44,44,31,40,29,34,33,34,20,32,30,23,40,18,32,28,23,30,31,37,37,42,42,48,411
Clinton,90,96,84,89,112,89,102,82,68,83,70,81,71,79,82,74,86,105,92,109,117,131,183,153,154,1313
Colchester,62,63,88,75,94,92,99,98,86,65,58,70,64,72,62,74,86,98,73,92,120,132,152,159,150,1241
Colebrook,1,4,9,10,10,9,7,9,3,9,7,6,3,6,9,8,12,7,7,8,12,15,13,10,15,117
Columbia,34,32,34,30,25,30,28,20,35,26,27,28,21,20,26,24,26,35,38,33,34,50,41,42,61,395
Cornwall,16,7,8,8,9,9,19,6,11,6,8,21,6,7,6,7,9,9,8,11,13,16,26,18,21,176
Coventry,62,60,55,55,45,56,69,47,49,53,44,50,37,46,51,56,56,69,77,62,74,80,107,100,115,787
Cromwell,77,92,110,88,87,100,93,90,82,94,62,80,67,77,61,99,89,102,122,119,147,153,171,148,183,1306
Danbury,420,422,490,502,590,870,912,771,721,679,724,866,707,738,897,925,926,1058,1111,1045,1423,1559,1603,1646,1614,10074
Darien,152,171,179,190,206,191,231,202,250,193,192,235,224,213,246,206,228,276,251,274,316,353,407,371,412,3196
Deep River,30,34,37,31,38,33,35,20,24,17,20,28,28,17,28,29,32,39,46,37,53,45,52,62,64,455
Derby,36,52,54,84,71,65,69,48,56,56,62,59,65,47,47,63,52,70,71,98,141,121,143,147,158,939
Durham,48,54,58,69,77,58,54,52,58,46,42,40,48,41,46,46,54,42,44,60,60,53,68,73,73,685
East Granby,37,30,37,32,32,27,41,30,41,32,25,26,37,25,28,37,26,28,30,46,52,51,56,71,57,480
East Haddam,36,46,46,64,54,53,57,39,35,39,32,44,44,52,45,56,39,45,55,55,71,66,84,96,87,696
East Hampton,58,69,69,60,90,86,92,67,79,57,47,70,89,71,91,69,68,75,55,76,123,127,126,139,155,1136
East Hartford,197,196,206,259,249,230,269,243,224,241,216,233,213,234,223,272,259,310,357,451,703,635,642,599,653,3927
East Haven,117,170,140,155,144,181,153,138,116,101,121,142,151,175,134,171,142,182,167,219,298,287,358,324,350,2085
East Lyme,89,86,100,84,112,117,68,90,94,87,89,87,71,67,86,99,103,131,130,163,158,199,189,179,208,1597
East Windsor,59,59,54,79,67,73,95,67,56,76,55,67,70,48,53,60,64,72,73,93,110,110,117,126,126,1002
Eastford,6,4,3,9,10,5,9,6,4,5,6,10,7,7,6,7,7,11,9,9,17,16,13,15,11,127
Easton,61,73,81,85,83,77,89,56,77,90,74,76,78,73,83,101,91,93,89,98,128,155,116,140,152,1202
Ellington,66,74,74,76,73,60,77,72,52,74,57,76,70,71,66,86,78,95,76,95,119,119,127,134,134,1064
Enfield,116,160,134,159,125,145,169,135,140,131,108,145,123,132,132,143,173,155,166,223,273,328,375,350,382,2425
Essex,72,81,82,76,90,81,68,76,68,66,62,56,79,68,70,70,64,79,76,61,82,94,81,78,102,1012
Fairfield,454,517,523,636,637,584,630,590,615,625,540,646,619,658,688,642,674,725,739,738,949,911,1014,1144,1385,9198
Farmington,222,221,210,231,250,235,226,190,193,222,218,193,230,208,202,202,229,268,259,253,307,300,350,386,423,3483
Franklin,17,12,15,15,17,14,17,19,12,12,11,11,10,10,16,13,21,15,17,10,17,21,24,24,29,241
Glastonbury,273,291,246,287,318,293,314,238,237,267,238,262,243,348,294,368,372,530,680,834,1131,1376,1613,1759,2324,9533
Goshen,19,20,26,27,31,24,36,12,27,23,13,27,18,19,12,20,16,24,23,21,45,33,38,27,31,359
Granby,48,66,61,65,70,62,60,59,59,56,47,52,60,52,50,74,70,62,75,53,80,100,103,113,106,838
Greenwich,669,863,794,887,931,921,949,915,864,843,795,1000,933,1055,1064,1136,1087,1094,1074,1153,1332,1182,1272,1242,1455,12695
Griswold,28,43,64,59,60,54,47,41,38,32,40,40,39,44,43,54,41,46,48,62,83,94,105,92,103,698
Groton,154,180,210,197,217,213,208,198,178,154,185,180,164,197,191,192,236,255,239,297,384,375,391,351,429,3177
Guilford,163,198,225,204,185,205,212,182,181,179,161,194,159,176,158,189,178,206,238,236,259,296,273,293,312,2905
Haddam,44,46,54,36,49,38,61,42,56,50,49,31,45,47,57,40,50,58,54,64,79,85,101,110,98,772
Hamden,316,347,330,372,365,356,381,342,314,271,305,347,295,353,325,370,403,441,454,568,816,804,845,745,883,5536
Hampton,6,7,5,10,16,8,12,16,6,5,8,4,5,3,6,9,7,16,15,11,12,15,22,24,18,143
Hartford,801,895,973,776,744,884,823,668,568,682,614,614,687,672,719,731,817,943,1000,1305,1826,1730,2073,1858,1876,11494
Hartland,10,11,12,22,13,10,16,5,11,13,5,7,4,5,8,8,9,16,7,16,11,18,18,22,12,162
Harwinton,38,34,30,48,43,47,49,41,35,25,26,32,41,27,41,35,30,44,49,26,51,54,58,52,59,513
Hebron,43,54,44,35,57,46,48,49,40,32,41,39,30,37,42,40,52,61,49,49,81,67,68,78,79,678
Kent,24,28,25,31,22,23,36,32,19,27,16,26,18,19,25,27,22,36,36,38,33,45,48,47,39,434
Killingly,49,57,52,66,77,86,70,63,56,45,45,51,52,47,46,65,63,66,74,99,106,127,137,132,168,970
Killingworth,39,50,44,49,49,57,62,50,32,40,37,43,37,46,30,35,58,38,49,46,45,55,47,60,72,592
Lebanon,37,43,41,41,40,27,32,29,23,17,29,37,41,39,19,39,35,34,41,53,48,61,56,69,53,529
Ledyard,36,43,57,60,57,63,72,52,50,54,45,55,36,44,46,47,58,75,60,75,102,104,104,130,136,821
Lisbon,12,19,12,8,14,15,11,21,19,8,15,13,8,18,14,20,14,18,13,21,16,30,26,24,37,229
Litchfield,88,83,83,92,90,83,96,82,62,65,70,70,68,68,59,78,71,75,90,83,113,99,131,125,103,1207
Lyme,10,21,24,18,18,23,19,18,20,17,22,11,17,28,19,20,21,28,21,19,24,15,18,23,16,276
Madison,145,158,164,170,191,161,147,153,134,129,128,141,129,156,165,166,171,170,163,199,187,217,226,228,244,2194
Manchester,250,256,280,300,334,295,275,245,221,222,244,259,224,202,248,294,307,331,413,452,589,636,681,674,679,4262
Mansfield,48,54,57,52,64,67,64,54,42,41,53,48,60,48,46,90,69,73,87,70,93,111,120,107,134,942
Marlborough,31,44,37,43,39,48,26,33,40,31,39,44,30,22,29,34,43,44,40,36,35,65,47,49,62,466
Meriden,232,261,252,278,270,285,286,271,257,233,227,252,232,284,242,302,284,347,371,483,606,687,742,696,794,4393
Middlebury,39,58,64,83,59,63,63,69,64,55,54,57,60,54,68,58,56,64,80,70,97,98,117,110,115,988
Middlefield,38,30,35,34,38,34,27,38,25,23,27,26,30,28,29,33,39,37,49,30,46,41,90,60,66,528
Middletown,183,297,236,215,219,265,246,232,214,211,221,213,209,256,227,237,239,266,301,353,459,501,537,472,624,3701
Milford,376,415,399,489,447,426,426,349,364,340,374,352,365,440,380,404,463,474,513,546,744,720,740,733,810,6111
Monroe,122,149,167,165,179,155,148,137,142,168,129,157,144,149,170,155,177,220,163,177,208,246,271,257,254,2205
Montville,57,56,67,63,55,69,67,63,48,54,42,60,59,58,54,62,57,77,64,99,115,107,132,137,151,939
Morris,18,16,13,25,12,22,24,24,18,22,22,19,13,14,19,20,18,26,14,18,25,33,41,38,25,308
Naugatuck,93,114,157,148,149,175,164,139,113,110,110,116,113,123,113,156,167,173,238,245,332,361,374,380,389,2260
New Britain,183,233,187,262,270,308,369,287,266,241,237,254,274,280,345,316,361,395,407,543,752,803,846,832,877,4559
New Canaan,178,199,221,234,258,249,198,240,216,218,210,254,266,274,239,262,258,270,268,243,311,266,297,321,362,3117
New Fairfield,57,55,72,78,64,81,79,64,71,60,60,72,80,69,56,85,87,83,79,104,125,133,158,162,152,1061
New Hartford,32,43,48,35,40,46,44,42,34,35,31,29,37,41,38,31,45,47,40,42,43,62,65,70,73,548
New Haven,537,596,590,662,663,692,716,627,618,680,748,789,765,769,759,853,862,954,1097,1199,1701,1630,1767,1712,1706,10684
New London,99,110,133,129,127,143,124,100,88,103,109,115,114,129,134,130,136,137,150,171,279,308,302,286,289,1958
New Milford,162,173,170,211,183,250,246,201,170,168,183,181,186,177,170,184,185,226,237,240,322,349,376,324,374,2809
Newington,178,140,144,167,176,193,213,181,171,128,152,131,156,153,168,170,169,191,214,217,285,329,338,355,339,2627
Newtown,209,221,231,236,228,255,239,187,203,193,191,197,209,183,169,233,228,245,208,275,314,300,360,382,368,3031
Norfolk,10,8,14,19,15,12,14,8,10,10,10,11,15,4,5,13,12,9,12,13,13,11,14,17,16,188
North Branford,94,88,101,108,88,95,119,77,85,78,66,79,63,73,63,79,93,97,84,110,126,121,178,137,149,1262
North Canaan,16,20,25,23,26,27,32,23,17,21,20,21,19,24,17,27,27,24,20,24,39,30,41,54,46,392
North Haven,184,199,215,231,224,258,214,189,164,128,175,174,179,190,177,185,205,230,214,254,267,324,383,300,375,3170
North Stonington,37,24,22,25,25,30,23,30,32,23,27,26,26,25,28,25,37,25,37,39,44,37,46,52,55,436
Norwalk,560,673,687,730,739,723,837,710,716,670,736,873,768,836,927,941,909,977,1059,1133,1438,1395,1490,1422,1408,11145
Norwich,141,166,165,155,175,148,168,146,156,126,107,112,133,131,139,142,162,174,159,206,303,323,370,359,388,2306
Old Lyme,71,63,68,66,72,88,74,74,60,81,67,61,75,54,68,50,71,70,89,66,79,82,104,94,108,1040
Old Saybrook,114,136,131,135,122,131,128,99,102,96,94,95,104,101,91,119,115,90,125,116,171,138,177,151,189,1668
Orange,110,124,139,145,140,137,125,139,137,130,114,108,129,119,127,111,148,168,168,153,168,195,239,177,215,1895
Oxford,94,94,86,110,106,124,140,95,77,78,75,70,70,86,96,82,108,107,75,131,114,130,138,161,150,1403
Plainfield,39,39,47,65,68,64,59,49,51,31,47,41,43,45,44,51,44,57,54,73,90,105,107,114,135,796
Plainville,106,130,153,146,125,122,126,111,112,102,90,106,110,101,107,107,107,140,117,141,187,188,224,217,219,1819
Plymouth,58,59,60,57,62,56,55,53,48,35,45,54,43,40,45,45,55,58,65,72,92,103,88,101,121,824
Pomfret,18,26,19,24,19,21,25,17,17,13,14,17,14,30,14,27,23,31,23,26,42,37,33,45,45,325
Portland,47,59,44,48,51,50,54,53,35,51,39,49,47,38,44,54,59,51,62,50,91,95,94,82,108,784
Preston,23,33,20,22,34,30,22,14,24,20,10,26,17,18,17,29,23,26,21,30,38,28,43,46,52,355
Prospect,51,60,52,66,61,66,77,63,88,55,44,55,55,56,59,65,65,82,76,82,79,103,88,90,100,844
Putnam,36,55,53,51,47,62,46,43,33,35,41,34,31,47,40,41,49,58,50,61,73,97,87,96,97,725
Redding,65,76,86,83,80,83,84,80,75,79,75,87,69,78,61,92,101,96,85,98,108,139,116,92,151,1081
Ridgefield,187,199,236,239,231,205,247,244,197,204,231,219,199,248,195,227,251,274,292,315,307,337,365,337,362,3145
Rocky Hill,149,125,126,144,157,160,154,168,135,127,107,124,139,133,112,135,164,179,181,187,262,281,301,280,248,2279
Roxbury,14,21,22,27,25,17,20,20,24,25,27,28,20,18,29,19,23,25,29,23,33,24,36,29,22,319
Salem,16,25,28,37,26,31,22,14,22,16,9,23,18,15,17,17,27,29,29,25,23,33,33,37,64,356
Salisbury,28,33,42,36,31,43,36,40,36,20,34,28,20,32,28,41,37,35,29,48,56,60,55,71,71,539
Scotland,3,4,6,5,2,5,3,2,3,2,4,4,1,5,2,3,11,5,2,6,5,9,7,6,9,63
Seymour,68,96,89,106,105,96,100,87,70,74,65,77,71,94,79,92,80,97,98,115,149,141,181,145,166,1360
Sharon,26,30,27,26,26,18,17,13,21,15,12,23,16,25,30,30,21,27,27,21,55,28,43,31,32,376
Shelton,271,305,349,327,348,321,317,298,255,237,256,295,304,270,309,329,325,376,370,395,503,532,584,522,631,4768
Sherman,15,26,26,16,31,32,26,31,20,33,18,30,22,27,24,24,19,34,41,31,42,43,43,39,59,387
Simsbury,145,157,183,176,157,176,146,136,133,161,128,144,152,156,156,150,156,131,203,162,246,212,266,271,303,2199
Somers,27,49,52,57,52,48,58,40,34,39,45,37,39,46,39,49,64,55,50,57,80,85,105,94,109,799
South Windsor,152,183,155,187,186,172,177,139,151,147,157,138,143,138,154,183,208,233,216,208,257,281,312,291,336,2612
Southbury,107,123,139,149,153,167,136,146,128,96,126,127,128,127,135,140,131,155,150,145,182,225,198,238,237,1971
Southington,213,259,262,271,277,300,259,261,246,213,250,263,270,259,249,250,304,302,316,321,444,448,488,485,548,4019
Sprague,5,12,7,8,20,19,12,15,9,7,8,6,8,9,8,8,11,9,11,7,26,26,27,28,32,187
Stafford,40,35,38,47,54,59,41,43,38,45,46,37,45,40,39,55,53,44,41,60,88,87,86,91,85,714
Stamford,862,1056,1066,1134,1222,1356,1441,1240,1218,1113,1231,1394,1406,1436,1557,1463,1582,1559,1664,1829,2216,2298,2460,2336,2357,18305
Sterling,10,10,15,19,23,18,13,17,6,10,6,3,7,5,11,14,12,10,16,11,26,22,24,15,23,187
Stonington,63,107,80,71,109,98,98,80,86,75,80,86,92,78,96,87,100,95,120,109,136,133,145,150,172,1343
Stratford,257,292,281,312,347,320,352,328,284,264,318,282,277,296,341,327,372,418,394,541,655,709,725,692,742,4894
Suffield,54,76,74,96,78,72,76,68,77,64,55,71,69,48,70,73,72,78,73,120,167,134,151,152,157,1199
Thomaston,35,40,44,54,43,44,33,31,42,32,47,37,39,42,43,33,47,49,59,43,66,70,87,69,82,687
Thompson,17,28,23,31,33,28,45,19,22,27,15,19,17,34,27,33,35,25,28,37,62,49,75,54,63,479
Tolland,67,69,79,94,83,88,88,69,49,72,53,64,52,62,67,59,83,85,71,98,104,110,125,110,150,1021
Torrington,145,159,152,171,145,153,177,148,145,142,126,168,140,146,152,167,160,154,180,217,282,309,364,354,395,2457
Trumbull,198,236,282,289,308,267,243,256,259,229,202,243,250,261,291,303,307,304,305,328,430,437,505,459,541,3957
Union,3,4,4,4,1,7,3,5,2,6,3,2,2,0,2,3,5,1,4,3,7,6,5,9,8,66
Vernon,115,115,148,134,171,164,132,116,114,97,106,126,128,124,97,137,122,133,152,174,260,251,255,288,333,2109
Voluntown,13,13,11,9,15,12,12,5,7,5,8,8,5,11,3,3,12,12,11,20,20,20,27,17,18,159
Wallingford,269,317,280,323,305,343,316,253,278,265,251,256,273,278,258,278,300,307,342,361,452,501,494,469,486,4328
Warren,15,11,16,19,20,32,24,22,19,15,14,14,22,13,12,17,14,14,13,20,26,20,28,32,27,263
Washington,41,38,64,29,60,45,57,37,43,40,54,41,33,32,39,43,43,41,33,57,67,47,56,63,64,633
Waterbury,334,403,420,456,541,558,541,462,388,474,449,459,460,446,552,630,640,789,774,1049,1555,1491,1596,1524,1722,8581
Waterford,125,110,96,127,135,100,125,95,97,87,95,71,93,116,93,84,109,122,144,142,158,202,177,182,191,1633
Watertown,107,133,121,158,129,131,119,128,134,123,112,122,137,123,116,146,148,162,184,196,241,245,312,248,292,2210
West Hartford,363,380,430,475,497,476,475,440,414,397,417,414,427,448,449,501,541,556,604,646,874,948,965,991,1108,7433
West Haven,179,236,271,265,278,269,264,222,239,221,290,278,239,259,260,277,323,318,353,473,581,613,624,637,673,3823
Westbrook,52,70,61,83,66,74,80,76,45,53,44,54,57,56,47,60,47,57,46,49,80,90,90,90,84,887
Weston,82,97,89,97,115,124,95,118,94,88,107,110,104,102,89,118,99,132,136,139,183,141,156,144,213,1379
Westport,403,490,429,504,433,497,493,406,424,420,462,466,541,528,451,509,493,499,542,590,653,566,668,651,765,6133
Wethersfield,137,129,112,151,164,159,160,126,126,133,130,149,137,146,119,154,156,197,178,195,267,255,288,265,316,2174
Willington,16,31,21,29,24,34,20,15,13,10,21,22,18,11,19,20,23,37,23,27,40,35,45,57,53,352
Wilton,185,192,212,239,214,198,199,225,214,185,189,194,192,194,203,183,200,209,221,209,255,243,307,290,330,2645
Winchester,50,52,56,63,51,58,54,41,32,40,29,43,29,40,33,56,47,42,53,51,83,98,76,85,105,732
Windham,78,61,73,73,69,66,90,50,58,51,54,41,48,50,49,81,73,80,75,100,126,136,168,147,175,1088
Windsor,126,136,127,176,191,179,179,141,161,130,111,141,150,168,157,187,217,216,255,335,395,449,442,399,439,2698
Windsor Locks,63,43,52,53,65,58,62,50,52,62,48,51,70,38,46,59,56,62,76,68,113,107,124,110,121,890
Wolcott,72,106,97,103,111,102,115,88,98,94,74,93,95,77,75,92,99,90,105,130,129,159,189,179,234,1463
Woodbridge,79,103,70,105,116,91,99,83,102,98,97,99,88,103,124,107,112,105,98,110,143,151,141,121,138,1333
Woodbury,72,101,88,77,97,85,93,80,55,60,59,81,59,74,69,76,70,75,80,86,99,99,136,147,136,1165
Woodstock,31,50,35,34,46,44,41,34,25,27,20,32,30,31,37,36,35,43,48,46,63,61,67,68,81,564
