Town,TrainService,CTtransit,OtherBus
Andover,-,Express,-
Ansonia,Metro-North,-,Valley Transit District
Ashford,-,-,Dial-A-Ride & the Senior Center Bus
Avon,-,Express,-
Barkhamsted,-,Express,Northwestern Connecticut Transit District
Beacon Falls,Metro-North,-,-
Berlin,"Amtrak, Hartford Line",-,-
Bethany,-,-,-
Bethel,Metro-North,-,Housatonic Area Regional Transit (HART)
Bethlehem,-,-,-
Bloomfield,-,Local,-
Bolton,-,Express,-
Bozrah,-,-,-
Branford,Shore Line East,-,-
Bridgeport,"Amtrak, Metro-North",-,Greater Bridgeport Transit Authority
Bridgewater,-,-,-
Bristol,-,"Local, Express, CTfastrak",-
Brookfield,-,-,Housatonic Area Regional Transit (HART)
Brooklyn,-,-,Northeastern Connecticut Transit District
Burlington,-,-,-
Canaan,-,-,Northwestern Connecticut Transit District
Canterbury,-,-,Northeastern Connecticut Transit District
Canton,-,Express,-
Chaplin,-,-,Windham Region Transit District (WRTD)
Cheshire,-,"Express, CTfastrak",-
Chester,-,Express,Estuary Transit District d.b.a. 9 Town Transit
Clinton,Shore Line East,-,Estuary Transit District d.b.a. 9 Town Transit
Colchester,-,Express,-
Colebrook,-,-,Northwestern Connecticut Transit District
Columbia,-,Express,Windham Region Transit District (WRTD)
Cornwall,-,-,Northwestern Connecticut Transit District
Coventry,-,Express,Windham Region Transit District (WRTD)
Cromwell,-,Express,Middletown Transit District (MAT)
Danbury,Metro-North,-,Housatonic Area Regional Transit (HART)
Darien,Metro-North,-,-
Deep River,-,-,Estuary Transit District d.b.a. 9 Town Transit
Derby,Metro-North,-,Valley Transit District
Durham,-,-,Middletown Area Transit District (MAT) & Estuary Transit District d.b.a. 9 Town Transit
East Granby,-,Local,-
East Haddam,-,-,Estuary Transit District d.b.a. 9 Town Transit
East Hampton,-,-,Middletown Transit District (MAT)
East Hartford,-,"Local, Ctfastrak",Greater Hartford Transit District (ADA Paratransit Services)
East Haven,-,Local,-
East Lyme,-,-,Southeast Area Transit District (SEAT)
East Windsor,-,Local,-
Eastford,-,-,Northeast Transit from NECCOG
Easton,-,-,-
Ellington,-,-,-
Enfield,"Amtrak, Metro-North, Hartford Line",Express,Magic Carpet (local bus)
Essex,-,Express,Estuary Transit District d.b.a. 9 Town Transit
Fairfield,Metro-North,-,Greater Bridgeport Transit Authority
Farmington,-,Express,-
Franklin,-,-,-
Glastonbury,-,Express,-
Goshen,-,-,Northwestern Connecticut Transit District
Granby,-,Express,-
Greenwich,Metro-North,-,Southeast Area Transit District (SEAT)
Griswold,-,-,Southeast Area Transit District (SEAT)
Groton,-,-,Southeast Area Transit District (SEAT)
Guilford,Shore Line East,-,-
Haddam,-,-,Estuary Transit District d.b.a. 9 Town Transit
Hamden,-,Local,-
Hampton,-,-,Windham Region Transit District (WRTD)
Hartford,"Amtrak, Hartford Line","Local, Ctfastrak",Greater Hartford Transit District (ADA Paratransit Services)
Hartland,-,-,-
Harwinton,-,-,Northwestern Connecticut Transit District
Hebron,-,-,-
Kent,-,-,Northwestern Connecticut Transit District
Killingly,-,-,Northeastern Connecticut Transit District
Killingworth,-,-,Estuary Transit District d.b.a. 9 Town Transit
Lebanon,-,-,Windham Region Transit District (WRTD)
Ledyard,-,-,Southeast Area Transit District (SEAT)
Lisbon,-,-,-
Litchfield,-,-,Northwestern Connecticut Transit District
Lyme,-,-,Estuary Transit District d.b.a. 9 Town Transit
Madison,Shore Line East,-,-
Manchester,-,"Local, Express, CTfastrak",-
Mansfield,-,Express,Windham Region Transit District (WRTD)
Marlborough,-,Express,-
Meriden,"Amtrak, Hartford Line","Local, Express",Middletown Transit District (MAT)
Middlebury,-,Local,-
Middlefield,-,-,-
Middletown,-,Express,Middletown Transit District (MAT)
Milford,Metro-North,-,Milford Transit District
Monroe,-,-,-
Montville,-,-,Southeast Area Transit District (SEAT)
Morris,-,-,Northwestern Connecticut Transit District
Naugatuck,Metro-North,Local,-
New Britain,-,"Local, Express, CTfastrak",-
New Canaan,Metro-North,-,-
New Fairfield,-,-,Housatonic Area Regional Transit (HART)
New Hartford,-,-,Northwestern Connecticut Transit District
New Haven,"Amtrak, Metro-North, Hartford Line, Shore Line East",Local,-
New London,"Amtrak, Shore Line East",-,Southeast Area Transit District (SEAT)
New Milford,-,-,Housatonic Area Regional Transit (HART)
Newington,-,"Express, CTfastrak",-
Newtown,-,-,Housatonic Area Regional Transit (HART)
Norfolk,-,-,Northwestern Connecticut Transit District
North Branford,-,Local,-
North Canaan,-,-,-
North Haven,-,Express,-
North Stonington,-,-,-
Norwalk,Metro-North,Local,"Norwalk Transit District / Housatonic Area Regional Transit (HART), Coastal Link (Norwalk-Bridgeport-Milford)"
Norwich,-,-,Southeast Area Transit District (SEAT)
Old Lyme,-,-,Estuary Transit District d.b.a. 9 Town Transit
Old Saybrook,"Amtrak, Shore Line East",Express,Estuary Transit District d.b.a. 9 Town Transit
Orange,-,Local,-
Oxford,-,-,-
Plainfield,-,-,Northeastern Connecticut Transit District
Plainville,-,Ctfastrak,-
Plymouth,-,-,-
Pomfret,-,-,-
Portland,-,-,Middletown Transit District (MAT)
Preston,-,-,-
Prospect,-,Local,-
Putnam,-,-,Northeastern Connecticut Transit District
Redding,Metro-North,-,Housatonic Area Regional Transit (HART)
Ridgefield,Metro-North,,Housatonic Area Regional Transit (HART)
Rocky Hill,-,Express,-
Roxbury,-,-,-
Salem,-,-,-
Salisbury,-,-,Northwestern Connecticut Transit District
Scotland,-,-,Windham Region Transit District (WRTD)
Seymour,Metro-North,Local,Valley Transit District
Sharon,-,-,Northwestern Connecticut Transit District
Shelton,Metro-North,-,Valley Transit District
Sherman,-,-,-
Simsbury,-,Express,-
Somers,-,-,-
South Windsor,-,Local,-
Southbury,-,-,-
Southington,-,"Express, CTfastrak",-
Sprague,-,-,-
Stafford,-,-,-
Stamford,"Amtrak, Metro-North",Local,-
Sterling,-,-,-
Stonington,Amtrak,-,Southeast Area Transit District (SEAT)
Stratford,Metro-North,-,Greater Bridgeport Transit Authority
Suffield,-,-,-
Thomaston,-,-,-
Thompson,-,-,Northeastern Connecticut Transit District
Tolland,-,Express,-
Torrington,-,Express,Northwestern Connecticut Transit District
Trumbull,-,-,Greater Bridgeport Transit Authority
Union,-,-,-
Vernon,-,Express,-
Voluntown,-,-,-
Wallingford,"Amtrak, Hartford Line",Local,-
Warren,-,-,-
Washington,-,-,-
Waterbury,Metro-North,"Local, Express, CTfastrak",-
Waterford,-,-,Southeast Area Transit District (SEAT)
Watertown,-,Local,-
West Hartford,-,"Local, Ctfastrak",-
West Haven,-,Local,-
Westbrook,Shore Line East,-,Estuary Transit District d.b.a. 9 Town Transit
Weston,-,-,-
Westport,Metro-North,-,Norwalk Transit District
Wethersfield,-,Express,-
Willington,-,-,Windham Region Transit District (WRTD)
Wilton,Metro-North,Express,Norwalk Transit District / Housatonic Area Regional Transit (HART)
Winchester,-,-,Northwestern Connecticut Transit District
Windham,-,Express,Windham Region Transit District (WRTD)
Windsor,"Amtrak, Hartford Line",Express,-
Windsor Locks,"Amtrak, Hartford Line",Express,-
Wolcott,-,Local,-
Woodbridge,-,-,-
Woodbury,-,-,-
Woodstock,-,-,-