Geography,TotalUnits,AtRisk
Andover,24,24
Ansonia,240,8
Ashford,32,0
Avon,241,0
Berlin,468,0
Bethel,166,0
Bethlehem,24,24
Bloomfield,471,149
Branford,237,12
Bridgeport,5486,672
Bristol,1640,110
Brookfield,170,0
Brooklyn,182,87
Burlington,42,42
Canaan,461,421
Canterbury,76,0
Canton,211,98
Cheshire,168,48
Chester,46,23
Clinton,99,0
Colchester,358,188
Columbia,24,0
Cornwall,10,0
Coventry,86,0
Cromwell,211,0
Danbury,1481,246
Darien,136,0
Deep River,26,0
Derby,140,0
Durham,24,0
East Granby,72,0
East Haddam,36,0
East Hampton,70,0
East Hartford,1986,56
East Haven,388,0
East Lyme,295,54
East Windsor,583,0
Ellington,258,0
Enfield,1158,0
Essex,36,0
Fairfield,216,0
Farmington,443,115
Franklin,10,0
Glastonbury,561,31
Granby,105,12
Greenwich,780,50
Griswold,154,24
Groton,1225,0
Guilford,35,1
Haddam,22,22
Hamden,740,62
Hartford,8178,1784
Hartland,12,0
Harwinton,26,0
Hebron,31,0
Kent,72,24
Killingly,393,29
Lebanon,36,0
Ledyard,30,0
Litchfield,254,30
Madison,90,0
Manchester,1739,210
Mansfield,175,0
Marlborough,24,0
Meriden,1588,224
Middlebury,76,0
Middlefield,30,0
Middletown,2104,40
Milford,594,120
Monroe,30,0
Montville,80,0
Morris,20,0
Naugatuck,498,168
New Britain,2657,369
New Canaan,180,0
New Hartford,10,10
New Haven,7571,756
New London,1229,295
New Milford,191,0
Newington,423,83
Newtown,134,134
Norfolk,28,28
North Branford,60,0
North Haven,321,0
Norwalk,2068,234
Norwich,1790,89
Old Lyme,63,0
Old Saybrook,36,0
Orange,45,0
Oxford,34,0
Plainfield,288,46
Plainville,210,90
Plymouth,6,0
Portland,118,0
Putnam,383,0
Ridgefield,217,0
Rocky Hill,80,0
Roxbury,18,0
Salisbury,16,0
Seymour,257,0
Sharon,32,0
Shelton,338,218
Simsbury,249,131
Somers,86,0
South Windsor,420,72
Southbury,70,0
Southington,549,224
Sprague,20,0
Stafford,257,0
Stamford,3893,395
Stonington,354,160
Stratford,514,0
Suffield,110,0
Thomaston,117,0
Thompson,151,28
Tolland,62,32
Torrington,848,313
Trumbull,149,0
Vernon,1222,131
Voluntown,20,0
Wallingford,477,0
Warren,18,0
Washington,14,0
Waterbury,5053,2155
Waterford,120,0
Watertown,206,0
West Hartford,600,0
West Haven,1041,0
Westbrook,140,0
Westport,220,38
Wethersfield,593,15
Willington,32,0
Wilton,85,0
Winchester,225,44
Windham,1441,95
Windsor,300,0
Windsor Locks,137,21
Wolcott,152,0
Woodbridge,30,30
Woodbury,60,0
Woodstock,24,0
Fairfield County,16245,1987
Hartford County,24198,3612
Litchfield County,2632,870
Middlesex County,3026,85
New Haven County,19896,3608
New London County,5633,810
Tolland County,2257,187
Windham County,2961,285
Connecticut,77095,11444
